comparator,scenario,target,n_total,n_computational_fail,n_valid,bias,mcse_bias,rmse,mcse_rmse,coverage,mcse_coverage,mean_width,mcse_width
M0_raw_equal_reader,A1,delta_E_minus_U_selected,100,0,100,9.11182024219536e-08,0.000580974533955,0.0057806236263596,0.00043600721497,0.98,0.014,0.0326326505917493,0.0012200264845382
M0_raw_equal_reader,A1,theta_E_selected,100,0,100,5.502932021153539e-05,0.0004737709444406,0.0047142825644954,0.0003501629973603,0.98,0.014,0.0289838347440194,0.0012084929747236
M0_raw_equal_reader,A1,theta_U_selected,100,0,100,5.49382020091127e-05,0.0005177680034505,0.0051520195108673,0.0003251447427435,0.96,0.0195959179422654,0.0257427109389931,0.0009916686636763
M0_raw_equal_reader,A2,delta_E_minus_U_selected,100,0,100,0.0001123413195218,0.0007138286190857,0.0071033934860196,0.0004218318907875,0.91,0.0286181760425083,0.0342548693601665,0.0013628454626891
M0_raw_equal_reader,A2,theta_E_selected,100,0,100,-0.0010210832750853,0.0006195779339235,0.0062487131362349,0.0003840995519373,0.97,0.0170587221092319,0.0317446476286775,0.0012406343685069
M0_raw_equal_reader,A2,theta_U_selected,100,0,100,-0.0011334245946072,0.0005298430651444,0.005392335765338,0.0004024954735231,0.95,0.0217944947177033,0.0264748915017694,0.0009913814497654
M0_raw_equal_reader,A3,delta_E_minus_U_selected,100,0,100,0.0002003951963558,0.0006606279655171,0.0065762192640017,0.0004507275869867,0.93,0.0255147016443461,0.0332308027979651,0.0011996677364909
M0_raw_equal_reader,A3,theta_E_selected,100,0,100,-5.62624760692032e-05,0.0005282154437632,0.0052559784449887,0.0003347854279168,0.98,0.014,0.0311032508079745,0.0012561633858959
M0_raw_equal_reader,A3,theta_U_selected,100,0,100,-0.000256657672425,0.0005167246813936,0.0051477478959824,0.0003884794896178,0.94,0.0237486841740758,0.0259031596635704,0.0009761283744871
M0_raw_equal_reader,A4,delta_E_minus_U_selected,100,0,100,-0.0001216203013927,0.0006564569728715,0.0065327966035725,0.0005155410660413,0.97,0.0170587221092319,0.0370195843286871,0.0011271009763057
M0_raw_equal_reader,A4,theta_E_selected,100,0,100,-0.0007243753764619,0.0006736062843255,0.006741329014966,0.0005393378969027,0.96,0.0195959179422654,0.0357477408582099,0.0013393668175577
M0_raw_equal_reader,A4,theta_U_selected,100,0,100,-0.0006027550750692,0.0005770346113345,0.0057729748835106,0.000470795830317,0.95,0.0217944947177033,0.026017517433229,0.0008617681933661
M0_raw_equal_reader,A5,delta_E_minus_U_selected,100,0,100,-0.0007275785335112,0.0007019411423483,0.0070220214957824,0.0005317322035486,0.96,0.0195959179422654,0.042181443792381,0.0017116961531838
M0_raw_equal_reader,A5,theta_E_selected,100,0,100,-0.0015090571271218,0.0007753884475094,0.0078612181385267,0.0009362328057224,0.97,0.0170587221092319,0.0492441871614171,0.002603077194475
M0_raw_equal_reader,A5,theta_U_selected,100,0,100,-0.0007814785936105,0.0005970262925131,0.0059915196564412,0.0005415722259238,0.98,0.014,0.0383317565597043,0.0019947419670844
M0_raw_equal_reader,A6,delta_E_minus_U_selected,100,0,100,-0.0043751019188467,0.0006765867257986,0.0080287425513256,0.0004584351190193,0.92,0.027129319932501,0.0355945326055311,0.0013252623152398
M0_raw_equal_reader,A6,theta_E_selected,100,0,100,-0.0047083658115871,0.0006974488491367,0.0083860457567784,0.000552266539971,0.94,0.0237486841740758,0.0414218203914254,0.0016197947698493
M0_raw_equal_reader,A6,theta_U_selected,100,0,100,-0.0003332638927402,0.0006070170471576,0.0060489308708783,0.0004737219711443,0.94,0.0237486841740758,0.0337140252796338,0.0012797079923104
M0_raw_equal_reader,A7,delta_E_minus_U_selected,100,0,100,0.0003455259375957,0.0007552570996353,0.0075226526931639,0.000504832994139,0.98,0.014,0.0397053809967302,0.0012538857159465
M0_raw_equal_reader,A7,theta_E_selected,100,0,100,-0.0004729805172297,0.0006331615606262,0.0063176081861172,0.000412449495191,0.96,0.0195959179422654,0.0354315355126384,0.0012194675822964
M0_raw_equal_reader,A7,theta_U_selected,100,0,100,-0.0008185064548255,0.0005668118598345,0.0056987933439505,0.0003985395352264,0.96,0.0195959179422654,0.0286779640889347,0.0011293005740732
M0_raw_equal_reader,A8,delta_E_minus_U_selected,100,0,100,-0.0002360063090077,0.0006268128073611,0.0062411725043948,0.0004408232472675,0.94,0.0237486841740758,0.0333790156551781,0.0013252074825135
M0_raw_equal_reader,A8,theta_E_selected,100,0,100,-0.0006223332038203,0.0006860439868736,0.0068543619292535,0.0004318280049975,0.9,0.03,0.0370799977916761,0.0014250204597646
M0_raw_equal_reader,A8,theta_U_selected,100,0,100,-0.0003863268948126,0.0005993623231909,0.0059760800464251,0.000482264012097,0.94,0.0237486841740758,0.0318644589556621,0.0012368458591644
M1_reader_only,A1,delta_E_minus_U_selected,100,0,100,4.853326127623606e-05,6.919971825568453e-05,0.0006902368992672,8.304707257441465e-05,0.99,0.0099498743710662,0.0032094501260386,0.0002519581606023
M1_reader_only,A1,theta_E_selected,100,0,100,4.336706361426079e-05,0.000255585245952,0.0025434108356878,0.0001680177346909,0.98,0.014,0.0109529235818571,0.0002678297915749
M1_reader_only,A1,theta_U_selected,100,0,100,-5.1661976619832296e-06,0.0002358628702592,0.0023468116142384,0.0001856605411964,0.98,0.014,0.0099140302086001,0.0002168097193783
M1_reader_only,A2,delta_E_minus_U_selected,100,0,100,-0.0007820542407768,8.71105896253406e-05,0.0011674099807606,7.810297768848083e-05,0.75,0.0433012701892219,0.0042570612197559,0.0002850923586859
M1_reader_only,A2,theta_E_selected,100,0,100,-0.013407374359308,0.0002575281202212,0.0136500344229746,0.0002481026544779,0.04,0.0195959179422654,0.0121280308848683,0.0003139350228745
M1_reader_only,A2,theta_U_selected,100,0,100,-0.0126253201185311,0.0002317585011538,0.0128341807832926,0.000224788579268,0.03,0.0170587221092319,0.0109512189100885,0.0002412950188434
M1_reader_only,A3,delta_E_minus_U_selected,100,0,100,-0.0019298030023384,6.782218207345535e-05,0.0020443885681479,7.641334328760349e-05,0.32,0.0466476151587624,0.0035392487098414,0.0002262229165475
M1_reader_only,A3,theta_E_selected,100,0,100,-0.0250262298442271,0.0002704354237573,0.0251704703321162,0.0002634254740539,0.0,0.0,0.0120897976950298,0.0002306469270333
M1_reader_only,A3,theta_U_selected,100,0,100,-0.0230964268418886,0.0002470896444865,0.023226907000536,0.0002424103649966,0.0,0.0,0.0110310629762972,0.000173773017816
M1_reader_only,A4,delta_E_minus_U_selected,100,0,100,-0.0248357193349691,0.0002524136529853,0.0249623818465803,0.0002527143376855,0.0,0.0,0.0065624484389635,0.0003816824126903
M1_reader_only,A4,theta_E_selected,100,0,100,-0.0303422443101267,0.0004164861167729,0.0306239187178325,0.0004111420469664,0.0,0.0,0.0156299172254376,0.0004507387394565
M1_reader_only,A4,theta_U_selected,100,0,100,-0.0055065249751576,0.0003127710625808,0.0063250743334162,0.0002535167075251,0.63,0.0482804308182932,0.0135173368876762,0.0003415130799259
M1_reader_only,A5,delta_E_minus_U_selected,100,0,100,-0.0016862869027969,0.0002750825361755,0.0032147991053429,0.0003798789290705,0.8,0.04,0.0146672474243215,0.0012297167765006
M1_reader_only,A5,theta_E_selected,100,0,100,-0.0229687186154086,0.0005271674256095,0.0235600228947591,0.0005313496651272,0.21,0.0407308237088326,0.0288281604478253,0.0018140526461805
M1_reader_only,A5,theta_U_selected,100,0,100,-0.0212824317126117,0.0004638374631201,0.0217770813845465,0.0004524777292738,0.16,0.0366606055596467,0.0245118852747198,0.0015377628008332
M1_reader_only,A6,delta_E_minus_U_selected,100,0,100,-0.0015590907511871,0.0001271421475273,0.0020077627879173,0.0001181155561884,0.72,0.0448998886412873,0.0064919107741136,0.000386889067639
M1_reader_only,A6,theta_E_selected,100,0,100,-0.0236325771508618,0.0003996920270423,0.0239648559503928,0.00038905677216,0.02,0.014,0.0158015025981808,0.0004887486030677
M1_reader_only,A6,theta_U_selected,100,0,100,-0.0220734863996746,0.000366610009948,0.0223728560733008,0.0003569053460723,0.01,0.0099498743710662,0.0141604998232153,0.0004073209766538
M1_reader_only,A7,delta_E_minus_U_selected,100,0,100,-0.0016229269924151,0.0002166157085109,0.0026980004030588,0.00019407648147,0.95,0.0217944947177033,0.0132599664413811,0.0006077392024468
M1_reader_only,A7,theta_E_selected,100,0,100,-0.0253758784500638,0.0004694468723319,0.0258021871813359,0.0004652556300368,0.0,0.0,0.0266912002998906,0.0008330684501875
M1_reader_only,A7,theta_U_selected,100,0,100,-0.0237529514576486,0.0004389317043689,0.0241511106580699,0.0004434158726003,0.0,0.0,0.0220663061425137,0.0007466874581584
M1_reader_only,A8,delta_E_minus_U_selected,100,0,100,-0.0016256391943784,0.0001100090924578,0.0019597961200637,9.85302060759812e-05,0.7,0.0458257569495584,0.0068279239000285,0.0004077891569828
M1_reader_only,A8,theta_E_selected,100,0,100,-0.0259298811088577,0.0003998276849517,0.0262332821032221,0.0003981443852482,0.0,0.0,0.0166516873823085,0.0005262859406221
M1_reader_only,A8,theta_U_selected,100,0,100,-0.0243042419144792,0.0003902499579281,0.0246124639760866,0.0003896145452286,0.0,0.0,0.0150391573113416,0.000440430220976
M2_shared_detectability,A1,delta_E_minus_U_selected,100,1,99,0.0002451047626816,7.664862541666618e-05,0.0007973879225064,9.03929434705645e-05,0.9696969696969696,0.0172283407156048,0.0037785682847953,0.0002771005056131
M2_shared_detectability,A1,theta_E_selected,100,1,99,0.0036282530572033,0.0003350027853038,0.0049155318258472,0.0003106668956259,0.8383838383838383,0.0369952737795852,0.0143489873232393,0.0002961141390032
M2_shared_detectability,A1,theta_U_selected,100,1,99,0.0033831482945216,0.0003184632215813,0.004624363424918,0.0003103926207321,0.8282828282828283,0.037903437206498,0.0131310881505834,0.0002566306695212
M2_shared_detectability,A2,delta_E_minus_U_selected,100,0,100,3.934717014366926e-05,0.0001571161009215,0.0015637805624535,0.0001380149631665,0.99,0.0099498743710662,0.0078794138157117,0.0003955662329301
M2_shared_detectability,A2,theta_E_selected,100,0,100,0.0022174922713053,0.0004758261123518,0.005227992961328,0.0004485813171574,0.96,0.0195959179422654,0.0198079543554647,0.0004054657193079
M2_shared_detectability,A2,theta_U_selected,100,0,100,0.0021781451011616,0.0004418821400494,0.0049066321265703,0.0004248438787563,0.93,0.0255147016443461,0.0178517739075406,0.0003284460848444
M2_shared_detectability,A3,delta_E_minus_U_selected,100,0,100,-0.000664247373671,0.0001576592981267,0.0017035297319753,0.0001413221212581,0.98,0.014,0.0083755917901667,0.000392865372185
M2_shared_detectability,A3,theta_E_selected,100,0,100,-0.0005566775159234,0.0003932602234797,0.0039522900438222,0.0002633943152529,0.96,0.0195959179422654,0.0195370372940825,0.0003893437825487
M2_shared_detectability,A3,theta_U_selected,100,0,100,0.0001075698577475,0.0003711726076467,0.0036946870823324,0.000234759072174,0.99,0.0099498743710662,0.0175166755041206,0.0003497477561255
M2_shared_detectability,A4,delta_E_minus_U_selected,100,0,100,-0.0227062309188257,0.0002819557466257,0.0228788838845234,0.000283375210219,0.0,0.0,0.011656441552169,0.0004866964752114
M2_shared_detectability,A4,theta_E_selected,100,0,100,-0.0095357467274793,0.0005196695679172,0.0108473985440169,0.0004221457740159,0.67,0.0470212717820349,0.024103009064341,0.0005666319159126
M2_shared_detectability,A4,theta_U_selected,100,0,100,0.0131704841913463,0.0004639872367261,0.0139561737329088,0.0005187392957345,0.21,0.0407308237088326,0.0208355739257738,0.0004730426904183
M2_shared_detectability,A5,delta_E_minus_U_selected,100,0,100,-0.0005848633073245,0.000347141704358,0.0035031834116714,0.0003919044005037,0.99,0.0099498743710662,0.018826167939353,0.0013792497016941
M2_shared_detectability,A5,theta_E_selected,100,0,100,-0.0005499322605612,0.0005754563073857,0.0057520667329662,0.0005840167864639,0.99,0.0099498743710662,0.0361716655694388,0.0020054088947567
M2_shared_detectability,A5,theta_U_selected,100,0,100,3.493104676334901e-05,0.000500887790297,0.0049838930011012,0.0004214661271067,0.99,0.0099498743710662,0.0311083096100071,0.0017042074025375
M2_shared_detectability,A6,delta_E_minus_U_selected,100,0,100,-0.000143121284839,0.0002310967038827,0.0023038330386932,0.0001920476499114,0.96,0.0195959179422654,0.0127054944051475,0.0005110004742799
M2_shared_detectability,A6,theta_E_selected,100,0,100,0.0008571638250312,0.0005524913915771,0.0055636460043631,0.0004014087698307,0.98,0.014,0.0266108422184229,0.0006231702079384
M2_shared_detectability,A6,theta_U_selected,100,0,100,0.0010002851098703,0.0004970361736117,0.0050455942297226,0.0003717416414907,0.99,0.0099498743710662,0.0236304331579075,0.0005623326659293
M2_shared_detectability,A7,delta_E_minus_U_selected,100,0,100,-0.000520385396982,0.0001275351838076,0.0013715166966426,0.0001336678974868,0.99,0.0099498743710662,0.0082960319368933,0.0004537196751188
M2_shared_detectability,A7,theta_E_selected,100,0,100,-0.0017067147326783,0.0004200816068358,0.0045147826373503,0.0003377394944245,0.99,0.0099498743710662,0.0233517393167853,0.00054146666285
M2_shared_detectability,A7,theta_U_selected,100,0,100,-0.0011863293356963,0.0004059086270919,0.004209370123184,0.00036099928735,0.98,0.014,0.0203243555964816,0.0004526468506426
M2_shared_detectability,A8,delta_E_minus_U_selected,100,0,100,-0.000223591201004,0.0002101644444178,0.0021030295531009,0.0001488917946444,0.99,0.0099498743710662,0.0133065130446711,0.0005394947057063
M2_shared_detectability,A8,theta_E_selected,100,0,100,0.0004065939233074,0.0005497903818754,0.0054854348555738,0.0003927248734673,0.98,0.014,0.0274283140233317,0.0007229542146741
M2_shared_detectability,A8,theta_U_selected,100,0,100,0.0006301851243115,0.0005467009176773,0.0054759876494055,0.0003756963678474,0.95,0.0217944947177033,0.0244113929143442,0.000648539881783
iMRMC_conditionalD,A1,delta_E_minus_U_selected,100,0,100,2.0615559990752545e-05,0.0005678111325919,0.0056496870487274,0.0004170288403472,0.59,0.0491833305094317,0.0193637057887564,0.0018572707919921
iMRMC_conditionalD,A1,theta_E_selected,100,0,100,0.0001120186465118,0.0004607309305378,0.0045855833022897,0.0003470625241721,1.0,0.0,0.0449103092534231,0.000674372318373
iMRMC_conditionalD,A1,theta_U_selected,100,0,100,9.14030865211518e-05,0.0005185340203228,0.0051601579449873,0.0003257743947614,1.0,0.0,0.0455670109044282,0.0003946552196443
iMRMC_conditionalD,A2,delta_E_minus_U_selected,100,0,100,0.0001261778818756,0.0007082697489,0.0070483245201505,0.0004148802038434,0.6,0.0489897948556635,0.0219724108156799,0.0020014519950072
iMRMC_conditionalD,A2,theta_E_selected,100,0,100,-0.0010032668643202,0.0006092943415559,0.006144856733204,0.0003663840474503,1.0,0.0,0.0456591984539122,0.0006763252046428
iMRMC_conditionalD,A2,theta_U_selected,100,0,100,-0.0011294447461958,0.00052842826148,0.0053777366763592,0.0004006700806571,1.0,0.0,0.0454755773202338,0.0003694668601117
iMRMC_conditionalD,A3,delta_E_minus_U_selected,100,0,100,0.000224438146779,0.0006623677633275,0.0065942965369621,0.0004643331336359,0.54,0.0498397431775084,0.0205474973010724,0.0020530902372149
iMRMC_conditionalD,A3,theta_E_selected,100,0,100,-1.0289275050645584e-05,0.0005251641641971,0.0052253275883441,0.0003341814113643,1.0,0.0,0.0453190920458321,0.0007250728012184
iMRMC_conditionalD,A3,theta_U_selected,100,0,100,-0.0002347274218296,0.0005166460002549,0.0051459190462856,0.0003862496504751,1.0,0.0,0.0450730532313172,0.0003656042754536
iMRMC_conditionalD,A4,delta_E_minus_U_selected,100,0,100,-0.0001461560148335,0.000645857481395,0.0064278626557975,0.0005184872222805,0.61,0.0487749935930287,0.0234958532864185,0.0020554009559923
iMRMC_conditionalD,A4,theta_E_selected,100,0,100,-0.0007377547788543,0.0006590814499336,0.006599146120578,0.0005481117600809,0.99,0.0099498743710662,0.0466810108106342,0.0007107291492565
iMRMC_conditionalD,A4,theta_U_selected,100,0,100,-0.0005915987640206,0.000575456807495,0.0057562046775234,0.0004734932574361,0.99,0.0099498743710662,0.0453256591276032,0.0003348452238845
iMRMC_conditionalD,A5,delta_E_minus_U_selected,100,0,100,-0.000571784124403,0.0006786837947008,0.0067769827143563,0.0005328670690344,0.67,0.0470212717820349,0.0292416965712068,0.0025011850613427
iMRMC_conditionalD,A5,theta_E_selected,100,0,100,-0.0013470071778745,0.0007549658821639,0.0076316317506261,0.0009432113314621,0.99,0.0099498743710662,0.053423437732034,0.0015232954427571
iMRMC_conditionalD,A5,theta_U_selected,100,0,100,-0.0007752230534715,0.0005962827209704,0.0059833707917939,0.0005415828364336,1.0,0.0,0.049188865694599,0.0008795314548745
iMRMC_conditionalD,A6,delta_E_minus_U_selected,100,0,100,-0.0039783664767342,0.0006653960899297,0.0077239784771898,0.0004677880452043,0.62,0.0485386443980463,0.0284926502187771,0.0023907029365052
iMRMC_conditionalD,A6,theta_E_selected,100,0,100,-0.0042618647676985,0.000676423148013,0.0079662268697148,0.0005260804105002,0.99,0.0099498743710662,0.0511045520349239,0.0010602423921113
iMRMC_conditionalD,A6,theta_U_selected,100,0,100,-0.0002834982909641,0.0006057374930478,0.0060336758629283,0.0004707933109125,1.0,0.0,0.0479127651900586,0.0004905014559383
iMRMC_conditionalD,A7,delta_E_minus_U_selected,100,0,100,0.0002593448965286,0.000750543556112,0.0074723160471078,0.0004908145460361,0.55,0.0497493718553309,0.0227333734469737,0.0022725939382665
iMRMC_conditionalD,A7,theta_E_selected,100,0,100,-0.0005609288927488,0.0006207159517754,0.0062014661338089,0.0004062314440008,1.0,0.0,0.0515109470433859,0.0007235953156784
iMRMC_conditionalD,A7,theta_U_selected,100,0,100,-0.0008202737892776,0.0005661223913807,0.0056922588424653,0.0003951706946409,1.0,0.0,0.0519467825228377,0.0004185650341018
iMRMC_conditionalD,A8,delta_E_minus_U_selected,100,0,100,-0.0003235476091633,0.0006084599636569,0.0060627396666328,0.0004268976157647,0.56,0.0496386945839634,0.019827577048342,0.0019570386193976
iMRMC_conditionalD,A8,theta_E_selected,100,0,100,-0.0007222930937073,0.0006834335868639,0.0068383311276165,0.0004444346132831,1.0,0.0,0.046578007274599,0.0007998112135571
iMRMC_conditionalD,A8,theta_U_selected,100,0,100,-0.0003987454845439,0.0006020942566485,0.0060040178094732,0.0004880211564642,1.0,0.0,0.0470361536161327,0.0004681538520435
iMRMC_jointD,A1,delta_E_minus_U_selected,100,0,100,2.0615559990764027e-05,0.0005678111325919,0.0056496870487274,0.0004170288403472,0.53,0.0499099188538711,0.0206642745269305,0.0022136198750753
iMRMC_jointD,A1,theta_E_selected,100,0,100,0.0001120186465119,0.0004607309305378,0.0045855833022897,0.0003470625241721,0.83,0.0375632799419859,0.0417261479367519,0.0024100955226569
iMRMC_jointD,A1,theta_U_selected,100,0,100,9.14030865211618e-05,0.0005185340203228,0.0051601579449872,0.0003257743947614,1.0,0.0,0.0463865836226104,0.0006871515387484
iMRMC_jointD,A2,delta_E_minus_U_selected,100,0,100,0.0001261778818756,0.0007082697489,0.0070483245201505,0.0004148802038434,0.58,0.0493558507170122,0.0243913213323704,0.0023925683702236
iMRMC_jointD,A2,theta_E_selected,100,0,100,-0.0010032668643202,0.0006092943415559,0.006144856733204,0.0003663840474503,0.8,0.04,0.0400959801012676,0.0026202606378126
iMRMC_jointD,A2,theta_U_selected,100,0,100,-0.0011294447461958,0.00052842826148,0.0053777366763592,0.0004006700806571,1.0,0.0,0.0453250465674332,0.0006292950834024
iMRMC_jointD,A3,delta_E_minus_U_selected,100,0,100,0.000224438146779,0.0006623677633275,0.0065942965369621,0.0004643331336359,0.49,0.0499899989997999,0.0221832938585824,0.002460531912621
iMRMC_jointD,A3,theta_E_selected,100,0,100,-1.0289275050625602e-05,0.0005251641641971,0.0052253275883441,0.0003341814113643,0.85,0.0357071421427142,0.0425841207993852,0.0024827203967154
iMRMC_jointD,A3,theta_U_selected,100,0,100,-0.0002347274218296,0.0005166460002549,0.0051459190462856,0.0003862496504751,1.0,0.0,0.0454552550067214,0.0007097870403651
iMRMC_jointD,A4,delta_E_minus_U_selected,100,0,100,-0.0001461560148335,0.000645857481395,0.0064278626557975,0.0005184872222805,0.56,0.0496386945839634,0.0252390428700276,0.0024875581449656
iMRMC_jointD,A4,theta_E_selected,100,0,100,-0.0007377547788542,0.0006590814499336,0.006599146120578,0.0005481117600809,0.73,0.0443959457608462,0.0413300824524887,0.0029338079753288
iMRMC_jointD,A4,theta_U_selected,100,0,100,-0.0005915987640206,0.000575456807495,0.0057562046775234,0.0004734932574361,1.0,0.0,0.0453095229482739,0.0006861496337662
iMRMC_jointD,A5,delta_E_minus_U_selected,100,0,100,-0.000571784124403,0.0006786837947008,0.0067769827143563,0.0005328670690344,0.64,0.048,0.0320325172320252,0.0029741597300616
iMRMC_jointD,A5,theta_E_selected,100,0,100,-0.0013470071778745,0.0007549658821639,0.0076316317506262,0.0009432113314621,0.77,0.0420832508250016,0.0506329374325431,0.0035883949339296
iMRMC_jointD,A5,theta_U_selected,100,0,100,-0.0007752230534715,0.0005962827209704,0.0059833707917939,0.0005415828364336,1.0,0.0,0.04851256384297,0.0012476857855516
iMRMC_jointD,A6,delta_E_minus_U_selected,100,0,100,-0.0039783664767342,0.0006653960899297,0.0077239784771898,0.0004677880452043,0.6,0.0489897948556635,0.031750211699278,0.0028646646086476
iMRMC_jointD,A6,theta_E_selected,100,0,100,-0.0042618647676985,0.000676423148013,0.0079662268697148,0.0005260804105002,0.85,0.0357071421427142,0.0569030532252913,0.0030199850645181
iMRMC_jointD,A6,theta_U_selected,100,0,100,-0.0002834982909641,0.0006057374930478,0.0060336758629283,0.0004707933109125,1.0,0.0,0.0491534204282571,0.0007638353459585
iMRMC_jointD,A7,delta_E_minus_U_selected,100,0,100,0.0002593448965286,0.000750543556112,0.0074723160471078,0.0004908145460361,0.5,0.05,0.0243253635005138,0.0027029433506321
iMRMC_jointD,A7,theta_E_selected,100,0,100,-0.0005609288927488,0.0006207159517754,0.0062014661338089,0.0004062314440008,0.7,0.0458257569495584,0.0414344498338012,0.0031229452649506
iMRMC_jointD,A7,theta_U_selected,100,0,100,-0.0008202737892776,0.0005661223913807,0.0056922588424653,0.0003951706946409,1.0,0.0,0.051550271067913,0.0007167300775507
iMRMC_jointD,A8,delta_E_minus_U_selected,100,0,100,-0.0003235476091633,0.0006084599636569,0.0060627396666328,0.0004268976157647,0.53,0.0499099188538711,0.0219563513347648,0.0023469851018741
iMRMC_jointD,A8,theta_E_selected,100,0,100,-0.0007222930937073,0.0006834335868639,0.0068383311276165,0.0004444346132831,0.72,0.0448998886412873,0.0376379114230119,0.002987683647634
iMRMC_jointD,A8,theta_U_selected,100,0,100,-0.0003987454845439,0.0006020942566485,0.0060040178094732,0.0004880211564642,0.99,0.0099498743710662,0.0461535712427925,0.0008199501503899
