scenario,target,n,mean_span,median_span,any_grid_CI_truth_containment,full_envelope_truth_containment
A1,delta_E_minus_U_selected,100,0.020620157218428,0.019263845916344,0.99,1.0
A1,theta_E_selected,100,0.2377128983950091,0.2378584198202992,0.98,1.0
A1,theta_U_selected,100,0.2178825256874098,0.216576148690914,0.98,1.0
A2,delta_E_minus_U_selected,100,0.0201131352582037,0.0202137382874302,1.0,1.0
A2,theta_E_selected,100,0.2383230531275738,0.2389490719045449,0.91,1.0
A2,theta_U_selected,100,0.2196945473216451,0.2168676031155521,0.9,1.0
A3,delta_E_minus_U_selected,100,0.0197124989692153,0.0187273867673228,1.0,1.0
A3,theta_E_selected,100,0.2377863219410094,0.2389921452475702,0.79,1.0
A3,theta_U_selected,100,0.2191242545434285,0.2173961424761762,0.77,1.0
A4,delta_E_minus_U_selected,100,0.0332010362862836,0.0330974073145365,0.94,0.94
A4,theta_E_selected,100,0.2479445375528684,0.2515853929072593,0.98,1.0
A4,theta_U_selected,100,0.2147435874313619,0.2165338732332206,0.85,1.0
A5,delta_E_minus_U_selected,100,0.0177533603594145,0.0156251336667494,1.0,1.0
A5,theta_E_selected,100,0.2350485113074607,0.239876216931833,0.95,1.0
A5,theta_U_selected,100,0.2183463867143613,0.2218791329232061,0.93,1.0
A6,delta_E_minus_U_selected,100,0.0215715711053047,0.0202779241243302,1.0,1.0
A6,theta_E_selected,100,0.2410864776679796,0.2428164483201446,1.0,1.0
A6,theta_U_selected,100,0.220639639672365,0.2223603076485601,0.98,1.0
A7,delta_E_minus_U_selected,100,0.0177129167533402,0.016354728031867,0.99,1.0
A7,theta_E_selected,100,0.2225082204357043,0.2207460795786866,0.79,1.0
A7,theta_U_selected,100,0.2062664838586201,0.2054847039818318,0.74,1.0
A8,delta_E_minus_U_selected,100,0.0185875312598181,0.0190266780833377,1.0,1.0
A8,theta_E_selected,100,0.2383207571519483,0.2405745406490644,0.99,1.0
A8,theta_U_selected,100,0.220169794914462,0.2208988256941264,0.98,1.0
