scenario,departure,model,model_code,n_valid,n_final_computational_fail,theta_U_bias_pp,theta_U_rmse_pp,theta_U_coverage_pct,theta_E_bias_pp,theta_E_rmse_pp,theta_E_coverage_pct,delta_bias_pp,delta_rmse_pp,delta_coverage_pct,R_delta_vs_absolute,m4_delta_mean_span_pp,m4_delta_full_envelope_containment_pct
A1,Independent AI-specific item variation,M1 reader-only,M1_reader_only,100,0,-0.000516619766198323,0.23468116142384,98.0,0.004336706361426079,0.25434108356878,98.0,0.004853326127623606,0.06902368992671999,99.0,0.2822926385598813,2.0620157218428004,100.0
A1,Independent AI-specific item variation,M2 shared-detectability,M2_shared_detectability,99,1,0.33831482945216,0.46243634249180005,82.82828282828282,0.36282530572033,0.49155318258472,83.83838383838383,0.02451047626816,0.07973879225064,96.96969696969695,0.1671691148689458,2.0620157218428004,100.0
A2,Correlated but nonidentical AI/human factors,M1 reader-only,M1_reader_only,100,0,-1.26253201185311,1.28341807832926,3.0,-1.3407374359308,1.36500344229746,4.0,-0.07820542407768,0.11674099807606,75.0,0.0881589257350841,2.01131352582037,100.0
A2,Correlated but nonidentical AI/human factors,M2 shared-detectability,M2_shared_detectability,100,0,0.21781451011616002,0.49066321265703006,93.0,0.22174922713053,0.5227992961328,96.0,0.003934717014366926,0.15637805624535,99.0,0.3086015612597005,2.01131352582037,100.0
A3,Nonlinear/threshold AI response,M1 reader-only,M1_reader_only,100,0,-2.30964268418886,2.3226907000536,0.0,-2.5026229844227097,2.51704703321162,0.0,-0.19298030023384,0.20443885681479002,32.0,0.0844834443856789,1.97124989692153,100.0
A3,Nonlinear/threshold AI response,M2 shared-detectability,M2_shared_detectability,100,0,0.010756985774749999,0.36946870823323996,99.0,-0.055667751592340005,0.39522900438222,96.0,-0.0664247373671,0.17035297319753,98.0,0.4455433052490318,1.97124989692153,100.0
A4,Condition-specific AI-human dependence,M1 reader-only,M1_reader_only,100,0,-0.5506524975157601,0.63250743334162,63.0,-3.03422443101267,3.06239187178325,0.0,-2.48357193349691,2.49623818465803,0.0,1.351180629575324,3.3201036286283596,94.0
A4,Condition-specific AI-human dependence,M2 shared-detectability,M2_shared_detectability,100,0,1.3170484191346299,1.39561737329088,21.0,-0.9535746727479301,1.08473985440169,67.0,-2.27062309188257,2.28788838845234,0.0,1.844805548901292,3.3201036286283596,94.0
A5,Omitted slide/patient effect,M1 reader-only,M1_reader_only,100,0,-2.12824317126117,2.17770813845465,16.0,-2.2968718615408603,2.35600228947591,21.0,-0.16862869027969,0.32147991053429004,80.0,0.1418175755353796,1.77533603594145,100.0
A5,Omitted slide/patient effect,M2 shared-detectability,M2_shared_detectability,100,0,0.003493104676334901,0.49838930011012006,99.0,-0.054993226056120004,0.57520667329662,99.0,-0.05848633073245,0.35031834116714,99.0,0.652607405103265,1.77533603594145,100.0
A6,Informative FOV missingness,M1 reader-only,M1_reader_only,100,0,-2.20734863996746,2.23728560733008,1.0,-2.36325771508618,2.39648559503928,2.0,-0.15590907511871002,0.20077627879173002,72.0,0.0866578301013548,2.15715711053047,100.0
A6,Informative FOV missingness,M2 shared-detectability,M2_shared_detectability,100,0,0.10002851098703,0.50455942297226,99.0,0.08571638250312,0.5563646004363101,98.0,-0.0143121284839,0.23038330386932002,96.0,0.4343068849155506,2.15715711053047,100.0
A7,Selection on AI/human positivity,M1 reader-only,M1_reader_only,100,0,-2.37529514576486,2.41511106580699,0.0,-2.53758784500638,2.58021871813359,0.0,-0.16229269924151,0.26980004030588,95.0,0.108020912322251,1.7712916753340202,100.0
A7,Selection on AI/human positivity,M2 shared-detectability,M2_shared_detectability,100,0,-0.11863293356963,0.4209370123184,98.0,-0.17067147326783,0.45147826373503,99.0,-0.05203853969819999,0.13715166966426,99.0,0.3144183129958499,1.7712916753340202,100.0
A8,Mixture/heavy-tailed heterogeneity,M1 reader-only,M1_reader_only,100,0,-2.43042419144792,2.4612463976086603,0.0,-2.59298811088577,2.62332821032221,0.0,-0.16256391943784,0.19597961200637,70.0,0.0770879088687939,1.8587531259818098,100.0
A8,Mixture/heavy-tailed heterogeneity,M2 shared-detectability,M2_shared_detectability,100,0,0.06301851243115,0.5475987649405499,95.0,0.04065939233074,0.54854348555738,98.0,-0.0223591201004,0.21030295531009,99.0,0.383714714426085,1.8587531259818098,100.0
