label,type,U_est,U_lo,U_hi,E_est,E_lo,E_hi,U_range_lo,U_range_hi,E_range_lo,E_range_hi,U_env_lo,U_env_hi,E_env_lo,E_env_hi
M1 reader-only,interval,0.5284064163710305,0.5220874410293653,0.5348007363904059,0.5276016985998818,0.5210174273152814,0.534299095195795,,,,,,,,
M2 shared-detectability,interval,0.5787173639507025,0.5674374650060067,0.5908378369319429,0.5787106729042109,0.5621098436129877,0.5955656677793906,,,,,,,,
M2 + slide hierarchy,interval,0.578618793909365,0.5670338861557905,0.590472942308416,0.5785757436949448,0.5615703995082202,0.5957446514267617,,,,,,,,
"M4 residual dependence: gamma [-2,2]",sensitivity_range,,,,,,,0.420478232741827,0.6292441741501079,0.4093922861874164,0.6393478771719925,0.400322205384934,0.6502995181428427,0.3639772934318135,0.6842620415949892
"Pattern mixture M1: gamma_mis [-2,2]",sensitivity_range,,,,,,,0.5266717751645322,0.5326716373272403,0.526643318391977,0.5292352517051931,0.5204447717928742,0.5391819482568623,0.5203508891590658,0.5363592465841798
"Pattern mixture M2: gamma_mis [-2,2]",sensitivity_range,,,,,,,0.575857886291006,0.5841445520391451,0.573409813071059,0.5843626243926826,0.5650012171103497,0.5961708938421241,0.5582153868748553,0.5996873654131945
LOSO M2: drop one slide,sensitivity_range,,,,,,,0.4990051471862113,0.6464384537794363,0.5056280315794632,0.6402478608940366,0.4822569740467246,0.65926889211296,0.4759260548859436,0.6582222205839634
"Future reader M1: rho [-0.9,0.9]",sensitivity_range,,,,,,,0.5280352958784051,0.5284268809319403,0.5268444579957088,0.5276153725963206,0.5216941969614807,0.5348164608313906,0.5201055599211544,0.5343657862097287
"Future reader M2: rho [-0.9,0.9]",sensitivity_range,,,,,,,0.5783721699643452,0.5787628424001096,0.5776541887201386,0.5787106729042109,0.5669067501452609,0.5908378369319429,0.5591320480018014,0.5964183399415693
"Future reader M1, no-new-anchor",sensitivity_range,,,,,,,0.5293732420513226,0.5297018956444074,0.5283987849204107,0.5291596499657181,0.5229610906959588,0.5362678631377307,0.5214321207171189,0.5365037780965319
"Future reader M2, no-new-anchor",sensitivity_range,,,,,,,0.5758397926125968,0.5765507389544919,0.5786051892350833,0.579571478220157,0.5622962450827428,0.5928669991737696,0.5553198141819411,0.6044439142291983
